member_id,score_robust_z,flag_robust_z,score_isolation_forest,flag_isolation_forest,score_lof,flag_lof,anomaly_votes,ensemble_score,is_anomaly,amount_missing,is_above_benchmark,is_below_benchmark,paise_component,deviation_from_benchmark_pct,benchmark_amount,state_deviation_pct,anomaly_reasons
1,0.2399,True,0.4586,False,0.0002,False,1,0.2329,False,False,True,False,0.0,29.448600000000003,147000000.0,0.294486,['Allocation is 29% above the ₹14.7 cr full-entitlement benchmark']
2,0.0,False,0.0435,False,0.0009,False,0,0.0148,False,False,False,False,0.0,0.0,147000000.0,0.0,[]
3,0.0,False,0.0,False,0.0,False,0,0.0,False,False,False,False,0.0,0.0,147000000.0,0.0,[]
4,0.0,False,0.0001,False,0.0,False,0,0.0,False,False,False,False,0.0,0.0,147000000.0,0.0,[]
5,0.0,False,0.0394,False,0.0,False,0,0.0132,False,False,False,False,0.0,0.0,147000000.0,0.0,[]
6,0.0,False,0.0001,False,0.0,False,0,0.0,False,False,False,False,0.0,0.0,147000000.0,0.0,[]
7,0.0,False,0.001,False,0.0,False,0,0.0004,False,False,False,False,0.0,0.0,147000000.0,0.0,[]
8,0.0,False,0.0552,False,0.0006,False,0,0.0186,False,False,False,False,0.0,0.0,147000000.0,0.0,[]
9,0.0,False,0.0552,False,0.0006,False,0,0.0186,False,False,False,False,0.0,0.0,147000000.0,0.0,[]
10,0.0045,True,0.3496,False,0.0074,False,1,0.1205,False,False,True,False,11.0,0.5553123197278964,147000000.0,0.005553123197279009,['Non-round allocation (₹11.00 paise component) suggests interest-bearing balance accrual']
11,0.2312,True,0.5615,True,0.0002,False,2,0.2643,True,False,True,False,11.0,28.382487149659873,147000000.0,0.28382487149659874,"['Allocation is 28% above the ₹14.7 cr full-entitlement benchmark', 'Non-round allocation (₹11.00 paise component) suggests interest-bearing balance accrual', '2/3 anomaly methods agree (ensemble score 0.26)']"
12,0.4073,True,0.6744,True,0.0005,False,2,0.3607,True,False,True,False,0.0,50.0,147000000.0,0.5,"['Allocation is 50% above the ₹14.7 cr full-entitlement benchmark', '2/3 anomaly methods agree (ensemble score 0.36)']"
13,0.0,False,0.0435,False,0.0009,False,0,0.0148,False,False,False,False,0.0,0.0,147000000.0,0.0,[]
14,0.0,False,0.0933,False,0.0007,False,0,0.0313,False,False,False,False,0.0,0.0,147000000.0,0.0,[]
15,0.0,False,0.0404,False,0.0,False,0,0.0135,False,False,False,False,0.0,0.0,147000000.0,0.0,[]
16,0.0,False,0.0933,False,0.0007,False,0,0.0313,False,False,False,False,0.0,0.0,147000000.0,0.0,[]
17,0.0,False,0.001,False,0.0,False,0,0.0004,False,False,False,False,0.0,0.0,147000000.0,0.0,[]
18,0.0,False,0.001,False,0.0,False,0,0.0004,False,False,False,False,0.0,0.0,147000000.0,0.0,[]
19,0.0,False,0.001,False,0.0,False,0,0.0004,False,False,False,False,0.0,0.0,147000000.0,0.0,[]
20,0.0,False,0.0836,False,0.0014,False,0,0.0284,False,False,False,False,0.0,0.0,147000000.0,0.0,[]
21,0.0,False,0.0404,False,0.0,False,0,0.0135,False,False,False,False,0.0,0.0,147000000.0,0.0,[]
22,0.0,False,0.0135,False,0.0002,False,0,0.0046,False,False,False,False,0.0,0.0,147000000.0,0.0,[]
23,0.0,False,0.0041,False,0.0,False,0,0.0014,False,False,False,False,0.0,0.0,147000000.0,0.0,[]
24,0.0,False,0.0242,False,0.0006,False,0,0.0083,False,False,False,False,0.0,0.0,147000000.0,0.0,[]
25,0.3042,True,0.5084,False,0.0002,False,1,0.2709,False,False,True,False,11.0,37.34630211564627,147000000.0,0.2906650156307791,"['Allocation is 37% above the ₹14.7 cr full-entitlement benchmark', 'Non-round allocation (₹11.00 paise component) suggests interest-bearing balance accrual']"
26,0.0,False,0.0476,False,0.0,False,0,0.0159,False,False,False,False,0.0,0.0,147000000.0,0.0,[]
27,0.1036,True,0.3034,False,0.0001,False,1,0.1357,False,False,True,False,11.0,12.715336129251709,147000000.0,0.12715336129251711,['Non-round allocation (₹11.00 paise component) suggests interest-bearing balance accrual']
28,0.0,False,0.0042,False,0.0001,False,0,0.0014,False,False,False,False,0.0,0.0,147000000.0,0.0,[]
29,0.0,False,0.001,False,0.0,False,0,0.0004,False,False,False,False,0.0,0.0,147000000.0,0.0,[]
30,0.0,False,0.001,False,0.0,False,0,0.0004,False,False,False,False,0.0,0.0,147000000.0,0.0,[]
31,0.0,False,0.0381,False,0.0003,False,0,0.0128,False,False,False,False,0.0,0.0,147000000.0,0.0,[]
32,0.0,False,0.099,False,0.0005,False,0,0.0332,False,False,False,False,0.0,0.0,147000000.0,0.0,[]
33,0.2715,True,0.7156,True,0.4992,True,3,0.4954,True,False,False,True,0.0,-33.333333333333336,147000000.0,-0.2,"['Allocation is 33% below the full-entitlement benchmark (possible pro-rated term — verify membership dates)', '3/3 anomaly methods agree (ensemble score 0.50)']"
34,0.0,False,0.0836,False,0.0014,False,0,0.0284,False,False,False,False,0.0,0.0,147000000.0,0.0,[]
35,0.0,False,0.0435,False,0.0009,False,0,0.0148,False,False,False,False,0.0,0.0,147000000.0,0.0,[]
36,0.0,False,0.0041,False,0.0,False,0,0.0014,False,False,False,False,0.0,0.0,147000000.0,0.0,[]
37,0.0,False,0.0135,False,0.0002,False,0,0.0046,False,False,False,False,0.0,0.0,147000000.0,0.0,[]
38,0.0,False,0.0381,False,0.0003,False,0,0.0128,False,False,False,False,0.0,0.0,147000000.0,0.0,[]
39,0.109,True,0.5321,False,0.0001,False,1,0.2137,False,False,True,False,80.0,13.378184897959189,147000000.0,0.13378184897959192,['Non-round allocation (₹80.00 paise component) suggests interest-bearing balance accrual']
40,0.0,False,0.001,False,0.0,False,0,0.0004,False,False,False,False,0.0,0.0,147000000.0,0.0,[]
41,0.0,False,0.0493,False,0.0001,False,0,0.0165,False,False,False,False,0.0,0.0,147000000.0,0.0,[]
42,0.0,False,0.0041,False,0.0,False,0,0.0014,False,False,False,False,0.0,0.0,147000000.0,0.0,[]
43,0.0,False,0.0453,False,0.0,False,0,0.0151,False,False,False,False,0.0,0.0,147000000.0,0.0,[]
44,0.0142,True,0.34,False,0.0508,True,2,0.135,True,False,True,False,11.0,1.748378986394572,147000000.0,-0.013175160233228893,"['Non-round allocation (₹11.00 paise component) suggests interest-bearing balance accrual', '2/3 anomaly methods agree (ensemble score 0.14)']"
45,0.0,False,0.2322,False,0.1225,True,1,0.1182,False,False,False,False,0.0,0.0,147000000.0,-0.060284117045952365,[]
46,0.2655,True,0.4627,False,0.0002,False,1,0.2428,False,False,True,False,11.0,32.60178306802721,147000000.0,0.3260178306802722,"['Allocation is 33% above the ₹14.7 cr full-entitlement benchmark', 'Non-round allocation (₹11.00 paise component) suggests interest-bearing balance accrual']"
47,0.0,False,0.001,False,0.0,False,0,0.0004,False,False,False,False,0.0,0.0,147000000.0,0.0,[]
48,0.0,False,0.0708,False,0.0005,False,0,0.0238,False,False,False,False,0.0,0.0,147000000.0,0.0,[]
49,0.0,False,0.0228,False,0.0003,False,0,0.0077,False,False,False,False,0.0,0.0,147000000.0,0.0,[]
50,0.0,False,0.0001,False,0.0,False,0,0.0,False,False,False,False,0.0,0.0,147000000.0,0.0,[]
51,0.7447,True,0.8937,True,0.0013,False,2,0.5466,True,False,True,False,11.0,91.42609191156464,147000000.0,0.9142609191156463,"['Allocation is 91% above the ₹14.7 cr full-entitlement benchmark', 'Non-round allocation (₹11.00 paise component) suggests interest-bearing balance accrual', '2/3 anomaly methods agree (ensemble score 0.55)']"
52,0.0,False,0.0476,False,0.0,False,0,0.0159,False,False,False,False,0.0,0.0,147000000.0,0.0,[]
53,0.0,False,0.0629,False,0.0001,False,0,0.021,False,False,False,False,0.0,0.0,147000000.0,0.0,[]
54,0.0,False,0.0135,False,0.0002,False,0,0.0046,False,False,False,False,0.0,0.0,147000000.0,0.0,[]
55,0.0,False,0.0453,False,0.0,False,0,0.0151,False,False,False,False,0.0,0.0,147000000.0,0.0,[]
56,0.0,False,0.0404,False,0.0,False,0,0.0135,False,False,False,False,0.0,0.0,147000000.0,0.0,[]
57,0.7131,True,0.9077,True,0.0013,False,2,0.5407,True,False,True,False,74.0,87.5472494829932,147000000.0,0.8754724948299321,"['Allocation is 88% above the ₹14.7 cr full-entitlement benchmark', 'Non-round allocation (₹74.00 paise component) suggests interest-bearing balance accrual', '2/3 anomaly methods agree (ensemble score 0.54)']"
58,0.0462,True,0.2785,False,0.0002,False,1,0.1083,False,False,True,False,0.0,5.67106802721089,147000000.0,0.05671068027210884,[]
59,0.0,False,0.0381,False,0.0003,False,0,0.0128,False,False,False,False,0.0,0.0,147000000.0,0.0,[]
60,0.0,False,0.001,False,0.0,False,0,0.0004,False,False,False,False,0.0,0.0,147000000.0,0.0,[]
61,0.181,True,0.5952,True,0.0001,False,2,0.2588,True,False,True,False,98.0,22.216598625850324,147000000.0,0.22216598625850334,"['Non-round allocation (₹98.00 paise component) suggests interest-bearing balance accrual', '2/3 anomaly methods agree (ensemble score 0.26)']"
62,0.0748,True,0.3205,False,0.0009,False,1,0.1321,False,False,True,False,11.0,9.178159258503404,147000000.0,0.025964503269021635,['Non-round allocation (₹11.00 paise component) suggests interest-bearing balance accrual']
63,0.0,False,0.001,False,0.0,False,0,0.0004,False,False,False,False,0.0,0.0,147000000.0,0.0,[]
64,0.0,False,0.0041,False,0.0,False,0,0.0014,False,False,False,False,0.0,0.0,147000000.0,0.0,[]
65,0.0,False,0.0001,False,0.0,False,0,0.0,False,False,False,False,0.0,0.0,147000000.0,0.0,[]
66,0.0,False,0.0381,False,0.0003,False,0,0.0128,False,False,False,False,0.0,0.0,147000000.0,0.0,[]
67,0.1047,True,0.3686,False,0.0001,False,1,0.1578,False,False,True,False,19.0,12.856535503401357,147000000.0,0.1285653550340136,['Non-round allocation (₹19.00 paise component) suggests interest-bearing balance accrual']
68,0.0023,True,0.1808,False,0.013,False,1,0.0653,False,False,True,False,11.0,0.28160687755103275,147000000.0,0.0028160687755103015,['Non-round allocation (₹11.00 paise component) suggests interest-bearing balance accrual']
69,0.0,False,0.2322,False,0.1225,True,1,0.1182,False,False,False,False,0.0,0.0,147000000.0,-0.060284117045952365,[]
70,0.0,False,0.0228,False,0.0003,False,0,0.0077,False,False,False,False,0.0,0.0,147000000.0,0.0,[]
71,0.2842,True,0.5045,False,0.0003,False,1,0.263,False,False,True,False,0.0,34.89365850340136,147000000.0,0.3489365850340136,['Allocation is 35% above the ₹14.7 cr full-entitlement benchmark']
72,0.0,False,0.0041,False,0.0,False,0,0.0014,False,False,False,False,0.0,0.0,147000000.0,0.0,[]
73,0.0405,True,0.3156,False,0.0005,False,1,0.1189,False,False,True,False,0.0,4.970714285714295,147000000.0,0.04572981266489156,[]
74,0.0,False,0.0001,False,0.0,False,0,0.0,False,False,False,False,0.0,0.0,147000000.0,0.0,[]
75,0.0,False,0.0004,False,0.0,False,0,0.0001,False,False,False,False,0.0,0.0,147000000.0,0.0,[]
76,0.072,True,0.33,False,0.0059,False,1,0.136,False,False,True,False,11.0,8.842527285714286,147000000.0,0.022810516312450308,['Non-round allocation (₹11.00 paise component) suggests interest-bearing balance accrual']
77,0.0,False,0.0399,False,0.0,False,0,0.0133,False,False,False,False,0.0,0.0,147000000.0,0.0,[]
78,0.0,False,0.0002,False,0.0,False,0,0.0001,False,False,False,False,0.0,0.0,147000000.0,0.0,[]
79,0.0247,True,0.2469,False,0.0026,False,1,0.0914,False,False,True,False,4.0,3.030800027210878,147000000.0,0.03030800027210879,['Non-round allocation (₹4.00 paise component) suggests interest-bearing balance accrual']
80,0.0,False,0.0098,False,0.0003,False,0,0.0034,False,False,False,False,0.0,0.0,147000000.0,0.0,[]
81,0.0,False,0.0535,False,0.0001,False,0,0.0179,False,False,False,False,0.0,0.0,147000000.0,0.0,[]
82,0.041,True,0.2856,False,0.0003,False,1,0.109,False,False,True,False,1.0,5.032917693877548,147000000.0,0.05032917693877544,['Non-round allocation (₹1.00 paise component) suggests interest-bearing balance accrual']
83,0.0,False,0.0041,False,0.0,False,0,0.0014,False,False,False,False,0.0,0.0,147000000.0,0.0,[]
84,0.0,False,0.0041,False,0.0,False,0,0.0014,False,False,False,False,0.0,0.0,147000000.0,0.0,[]
85,0.0979,True,0.3138,False,0.0001,False,1,0.1373,False,False,True,False,11.0,12.022268102040833,147000000.0,0.09501220671670982,['Non-round allocation (₹11.00 paise component) suggests interest-bearing balance accrual']
86,0.0,False,0.0453,False,0.0,False,0,0.0151,False,False,False,False,0.0,0.0,147000000.0,0.0,[]
87,0.0,False,0.0041,False,0.0,False,0,0.0014,False,False,False,False,0.0,0.0,147000000.0,0.0,[]
88,0.0,False,0.2322,False,0.1225,True,1,0.1182,False,False,False,False,0.0,0.0,147000000.0,-0.060284117045952365,[]
89,0.0,False,0.0002,False,0.0,False,0,0.0001,False,False,False,False,0.0,0.0,147000000.0,0.0,[]
90,0.0,False,0.0381,False,0.0003,False,0,0.0128,False,False,False,False,0.0,0.0,147000000.0,0.0,[]
91,0.0,False,0.074,False,0.0002,False,0,0.0247,False,False,False,False,0.0,0.0,147000000.0,0.0,[]
92,0.0,False,0.0242,False,0.0006,False,0,0.0083,False,False,False,False,0.0,0.0,147000000.0,0.0,[]
93,0.0,False,0.0836,False,0.0014,False,0,0.0284,False,False,False,False,0.0,0.0,147000000.0,0.0,[]
94,0.0,False,0.1853,False,0.0019,False,0,0.0624,False,False,False,False,0.0,0.0,147000000.0,0.0,[]
95,0.0,False,0.0002,False,0.0,False,0,0.0001,False,False,False,False,0.0,0.0,147000000.0,0.0,[]
96,0.0375,True,0.2664,False,0.0061,False,1,0.1033,False,False,True,False,11.0,4.603027965986395,147000000.0,0.02248949626648168,['Non-round allocation (₹11.00 paise component) suggests interest-bearing balance accrual']
97,0.0,False,0.0135,False,0.0002,False,0,0.0046,False,False,False,False,0.0,0.0,147000000.0,0.0,[]
98,0.0639,True,0.4288,False,0.0001,False,1,0.1643,False,False,True,False,36.0,7.8452342585034085,147000000.0,0.07845234258503411,['Non-round allocation (₹36.00 paise component) suggests interest-bearing balance accrual']
99,0.3077,True,0.5026,False,0.0002,False,1,0.2702,False,False,True,False,11.0,37.77663680952381,147000000.0,0.29470893909900814,"['Allocation is 38% above the ₹14.7 cr full-entitlement benchmark', 'Non-round allocation (₹11.00 paise component) suggests interest-bearing balance accrual']"
100,0.0,False,0.1688,False,0.0024,False,0,0.0571,False,False,False,False,0.0,0.0,147000000.0,0.0,[]
101,0.0,False,0.2519,False,0.0011,False,0,0.0844,False,False,False,False,0.0,0.0,147000000.0,0.0,[]
102,0.0,False,0.0228,False,0.0003,False,0,0.0077,False,False,False,False,0.0,0.0,147000000.0,0.0,[]
103,0.0,False,0.001,False,0.0,False,0,0.0004,False,False,False,False,0.0,0.0,147000000.0,0.0,[]
104,0.0,False,0.0399,False,0.0,False,0,0.0133,False,False,False,False,0.0,0.0,147000000.0,0.0,[]
105,0.0,False,0.001,False,0.0,False,0,0.0004,False,False,False,False,0.0,0.0,147000000.0,0.0,[]
106,0.0,False,0.0098,False,0.0003,False,0,0.0034,False,False,False,False,0.0,0.0,147000000.0,0.0,[]
107,0.0,False,0.0042,False,0.0001,False,0,0.0014,False,False,False,False,0.0,0.0,147000000.0,0.0,[]
108,0.0,False,0.2371,False,0.0037,False,0,0.0803,False,True,False,False,0.0,0.0,147000000.0,0.0,['Allocation amount is blank in the source record']
109,0.0,False,0.001,False,0.0,False,0,0.0004,False,False,False,False,0.0,0.0,147000000.0,0.0,[]
110,0.0,False,0.0041,False,0.0,False,0,0.0014,False,False,False,False,0.0,0.0,147000000.0,0.0,[]
111,0.0,False,0.001,False,0.0,False,0,0.0004,False,False,False,False,0.0,0.0,147000000.0,0.0,[]
112,0.0,False,0.1347,False,0.0865,True,1,0.0737,False,False,False,False,0.0,0.0,147000000.0,-0.02250487758445872,[]
113,0.0,False,0.0,False,0.0,False,0,0.0,False,False,False,False,0.0,0.0,147000000.0,0.0,[]
114,0.0088,True,0.2743,False,0.019,False,1,0.1007,False,False,True,False,11.0,1.0744959931972886,147000000.0,0.010744959931972886,['Non-round allocation (₹11.00 paise component) suggests interest-bearing balance accrual']
115,0.0731,True,0.3398,False,0.0001,False,1,0.1377,False,False,True,False,11.0,8.977510959183688,147000000.0,0.08977510959183684,['Non-round allocation (₹11.00 paise component) suggests interest-bearing balance accrual']
116,0.2804,True,0.5588,True,0.0003,False,2,0.2798,True,False,True,False,11.0,34.42061640136056,147000000.0,0.34420616401360554,"['Allocation is 34% above the ₹14.7 cr full-entitlement benchmark', 'Non-round allocation (₹11.00 paise component) suggests interest-bearing balance accrual', '2/3 anomaly methods agree (ensemble score 0.28)']"
117,0.0,False,0.2322,False,0.1225,True,1,0.1182,False,False,False,False,0.0,0.0,147000000.0,-0.060284117045952365,[]
118,0.0,False,0.2424,False,0.1239,True,1,0.1221,False,False,False,False,0.0,0.0,147000000.0,-0.060284117045952365,[]
119,0.0,False,0.0002,False,0.0,False,0,0.0001,False,False,False,False,0.0,0.0,147000000.0,0.0,[]
120,0.0,False,0.001,False,0.0,False,0,0.0004,False,False,False,False,0.0,0.0,147000000.0,0.0,[]
121,0.0,False,0.0135,False,0.0002,False,0,0.0046,False,False,False,False,0.0,0.0,147000000.0,0.0,[]
122,0.0,False,0.0167,False,0.0004,False,0,0.0057,False,False,False,False,0.0,0.0,147000000.0,0.0,[]
123,0.0,False,0.0453,False,0.0,False,0,0.0151,False,False,False,False,0.0,0.0,147000000.0,0.0,[]
124,0.0931,True,0.2996,False,0.0001,False,1,0.1309,False,False,True,False,11.0,11.43483340816327,147000000.0,0.11434833408163275,['Non-round allocation (₹11.00 paise component) suggests interest-bearing balance accrual']
125,0.0,False,0.001,False,0.0,False,0,0.0004,False,False,False,False,0.0,0.0,147000000.0,0.0,[]
126,0.0,False,0.0535,False,0.0001,False,0,0.0179,False,False,False,False,0.0,0.0,147000000.0,0.0,[]
127,0.0,False,0.0476,False,0.0,False,0,0.0159,False,False,False,False,0.0,0.0,147000000.0,0.0,[]
128,0.0,False,0.0041,False,0.0,False,0,0.0014,False,False,False,False,0.0,0.0,147000000.0,0.0,[]
129,0.0,False,0.0381,False,0.0003,False,0,0.0128,False,False,False,False,0.0,0.0,147000000.0,0.0,[]
130,0.0,False,0.001,False,0.0,False,0,0.0004,False,False,False,False,0.0,0.0,147000000.0,0.0,[]
131,0.0,False,0.0098,False,0.0003,False,0,0.0034,False,False,False,False,0.0,0.0,147000000.0,0.0,[]
132,0.0191,True,0.5435,False,0.0012,False,1,0.1879,False,False,True,False,89.0,2.3475720340135897,147000000.0,0.023475720340135956,['Non-round allocation (₹89.00 paise component) suggests interest-bearing balance accrual']
133,0.0,False,0.0754,False,0.0004,False,0,0.0253,False,False,False,False,0.0,0.0,147000000.0,0.0,[]
134,0.017,True,0.2856,False,0.0075,False,1,0.1034,False,False,True,False,11.0,2.089024564625852,147000000.0,0.0208902456462586,['Non-round allocation (₹11.00 paise component) suggests interest-bearing balance accrual']
135,0.0744,True,0.3049,False,0.0001,False,1,0.1265,False,False,True,False,11.0,9.139432047619067,147000000.0,0.09139432047619057,['Non-round allocation (₹11.00 paise component) suggests interest-bearing balance accrual']
136,0.0204,True,0.4683,False,0.0744,True,2,0.1877,True,False,True,False,11.0,2.50060483673471,147000000.0,-0.036785536225239224,"['Non-round allocation (₹11.00 paise component) suggests interest-bearing balance accrual', '2/3 anomaly methods agree (ensemble score 0.19)']"
137,0.0,False,0.1688,False,0.0024,False,0,0.0571,False,False,False,False,0.0,0.0,147000000.0,0.0,[]
138,0.0708,True,0.379,False,0.0068,False,1,0.1522,False,False,True,False,11.0,8.689872863945581,147000000.0,0.021375998465058103,['Non-round allocation (₹11.00 paise component) suggests interest-bearing balance accrual']
139,0.0,False,0.1739,False,0.0024,False,0,0.0587,False,False,False,False,0.0,0.0,147000000.0,0.0,[]
140,0.0,False,0.0424,False,0.0007,False,0,0.0143,False,False,False,False,0.0,0.0,147000000.0,0.0,[]
141,0.0,False,0.1873,False,0.0028,False,0,0.0634,False,False,False,False,0.0,0.0,147000000.0,0.0,[]
142,0.0092,True,0.2642,False,0.0083,False,1,0.0939,False,False,True,False,11.0,1.1355300068027319,147000000.0,0.011355300068027308,['Non-round allocation (₹11.00 paise component) suggests interest-bearing balance accrual']
143,0.0,False,0.1841,False,0.0031,False,0,0.0624,False,False,False,False,0.0,0.0,147000000.0,0.0,[]
144,0.0336,True,0.6414,True,0.0005,False,2,0.2252,True,False,True,False,82.0,4.123076748299326,147000000.0,0.04123076748299315,"['Non-round allocation (₹82.00 paise component) suggests interest-bearing balance accrual', '2/3 anomaly methods agree (ensemble score 0.23)']"
145,0.0,False,0.0552,False,0.0006,False,0,0.0186,False,False,False,False,0.0,0.0,147000000.0,0.0,[]
146,0.0559,True,0.5541,True,0.0001,False,2,0.2034,True,False,True,False,90.0,6.860792448979591,147000000.0,0.06860792448979595,"['Non-round allocation (₹90.00 paise component) suggests interest-bearing balance accrual', '2/3 anomaly methods agree (ensemble score 0.20)']"
147,0.0,False,0.1867,False,0.0016,False,0,0.0628,False,False,False,False,0.0,0.0,147000000.0,0.0,[]
148,0.0,False,0.1873,False,0.0028,False,0,0.0634,False,False,False,False,0.0,0.0,147000000.0,0.0,[]
149,0.0,False,0.1873,False,0.0028,False,0,0.0634,False,False,False,False,0.0,0.0,147000000.0,0.0,[]
150,0.0,False,0.211,False,0.0019,False,0,0.071,False,False,False,False,0.0,0.0,147000000.0,0.0,[]
151,0.1298,True,0.4893,False,0.0001,False,1,0.2064,False,False,True,False,11.0,15.941517761904777,147000000.0,0.15941517761904772,['Non-round allocation (₹11.00 paise component) suggests interest-bearing balance accrual']
152,0.0,False,0.1867,False,0.0016,False,0,0.0628,False,False,False,False,0.0,0.0,147000000.0,0.0,[]
153,0.0,False,0.1688,False,0.0024,False,0,0.0571,False,False,False,False,0.0,0.0,147000000.0,0.0,[]
154,0.0,False,0.2418,False,0.0006,False,0,0.0808,False,False,False,False,0.0,0.0,147000000.0,0.0,[]
155,0.0703,True,0.5242,False,0.0001,False,1,0.1982,False,False,True,False,39.0,8.626043122448968,147000000.0,0.0862604312244897,['Non-round allocation (₹39.00 paise component) suggests interest-bearing balance accrual']
156,0.0,False,0.1739,False,0.0024,False,0,0.0587,False,False,False,False,0.0,0.0,147000000.0,0.0,[]
157,0.6412,True,0.8988,True,0.0011,False,2,0.5137,True,False,True,False,35.0,78.72415670068027,147000000.0,0.7872415670068027,"['Allocation is 79% above the ₹14.7 cr full-entitlement benchmark', 'Non-round allocation (₹35.00 paise component) suggests interest-bearing balance accrual', '2/3 anomaly methods agree (ensemble score 0.51)']"
158,0.0,False,0.1841,False,0.0031,False,0,0.0624,False,False,False,False,0.0,0.0,147000000.0,0.0,[]
159,0.0,False,0.1729,False,0.0024,False,0,0.0584,False,False,False,False,0.0,0.0,147000000.0,0.0,[]
160,0.0,False,0.0004,False,0.0,False,0,0.0001,False,False,False,False,0.0,0.0,147000000.0,0.0,[]
161,0.0,False,0.0228,False,0.0003,False,0,0.0077,False,False,False,False,0.0,0.0,147000000.0,0.0,[]
162,0.0,False,0.0385,False,0.0003,False,0,0.0129,False,False,False,False,0.0,0.0,147000000.0,0.0,[]
163,0.0,False,0.0708,False,0.0005,False,0,0.0238,False,False,False,False,0.0,0.0,147000000.0,0.0,[]
164,0.0253,True,0.5472,True,0.0009,False,2,0.1911,True,False,True,False,91.0,3.1085053809523755,147000000.0,0.031085053809523786,"['Non-round allocation (₹91.00 paise component) suggests interest-bearing balance accrual', '2/3 anomaly methods agree (ensemble score 0.19)']"
165,0.0,False,0.0399,False,0.0,False,0,0.0133,False,False,False,False,0.0,0.0,147000000.0,0.0,[]
166,0.0,False,0.0004,False,0.0,False,0,0.0001,False,False,False,False,0.0,0.0,147000000.0,0.0,[]
167,0.0936,True,0.3056,False,0.0001,False,1,0.1331,False,False,True,False,11.0,11.493790551020421,147000000.0,0.11493790551020418,['Non-round allocation (₹11.00 paise component) suggests interest-bearing balance accrual']
168,1.0,True,1.0,True,0.002,False,2,0.6673,True,False,True,False,86.0,122.77373527891156,147000000.0,1.2277373527891158,"['Allocation is 123% above the ₹14.7 cr full-entitlement benchmark', 'Non-round allocation (₹86.00 paise component) suggests interest-bearing balance accrual', '2/3 anomaly methods agree (ensemble score 0.67)']"
169,0.0849,True,0.3072,False,0.0001,False,1,0.1307,False,False,True,False,11.0,10.418439530612256,147000000.0,0.10418439530612254,['Non-round allocation (₹11.00 paise component) suggests interest-bearing balance accrual']
170,0.0269,True,0.416,False,0.0005,False,1,0.1478,False,False,True,False,41.0,3.3072438163265216,147000000.0,0.03307243816326528,['Non-round allocation (₹41.00 paise component) suggests interest-bearing balance accrual']
171,0.0,False,0.0004,False,0.0,False,0,0.0001,False,False,False,False,0.0,0.0,147000000.0,0.0,[]
172,0.0,False,0.0041,False,0.0,False,0,0.0014,False,False,False,False,0.0,0.0,147000000.0,0.0,[]
173,0.0,False,0.0549,False,0.0001,False,0,0.0183,False,False,False,False,0.0,0.0,147000000.0,0.0,[]
174,0.0,False,0.0399,False,0.0,False,0,0.0133,False,False,False,False,0.0,0.0,147000000.0,0.0,[]
175,0.0021,True,0.1779,False,0.0207,False,1,0.0669,False,False,True,False,11.0,0.2520340884353933,147000000.0,0.0025203408843538387,['Non-round allocation (₹11.00 paise component) suggests interest-bearing balance accrual']
176,0.2189,True,0.4764,False,0.0002,False,1,0.2318,False,False,True,False,11.0,26.87670007482994,147000000.0,0.2687670007482994,"['Allocation is 27% above the ₹14.7 cr full-entitlement benchmark', 'Non-round allocation (₹11.00 paise component) suggests interest-bearing balance accrual']"
177,0.0,False,0.0549,False,0.0001,False,0,0.0183,False,False,False,False,0.0,0.0,147000000.0,0.0,[]
178,0.0,False,0.0242,False,0.0006,False,0,0.0083,False,False,False,False,0.0,0.0,147000000.0,0.0,[]
179,0.0,False,0.0098,False,0.0003,False,0,0.0034,False,False,False,False,0.0,0.0,147000000.0,0.0,[]
180,0.0,False,0.0404,False,0.0,False,0,0.0135,False,False,False,False,0.0,0.0,147000000.0,0.0,[]
181,0.0,False,0.0404,False,0.0,False,0,0.0135,False,False,False,False,0.0,0.0,147000000.0,0.0,[]
182,0.0,False,0.2322,False,0.1225,True,1,0.1182,False,False,False,False,0.0,0.0,147000000.0,-0.060284117045952365,[]
183,0.0,False,0.0228,False,0.0003,False,0,0.0077,False,False,False,False,0.0,0.0,147000000.0,0.0,[]
184,0.0,False,0.0708,False,0.0005,False,0,0.0238,False,False,False,False,0.0,0.0,147000000.0,0.0,[]
185,0.0,False,0.0004,False,0.0,False,0,0.0001,False,False,False,False,0.0,0.0,147000000.0,0.0,[]
186,0.0136,True,0.3836,False,0.132,True,2,0.1764,True,False,True,False,11.0,1.6727245646258604,147000000.0,-0.044565258634089215,"['Non-round allocation (₹11.00 paise component) suggests interest-bearing balance accrual', '2/3 anomaly methods agree (ensemble score 0.18)']"
187,0.0,False,0.0042,False,0.0001,False,0,0.0014,False,False,False,False,0.0,0.0,147000000.0,0.0,[]
188,0.0482,True,0.5074,False,0.0001,False,1,0.1852,False,False,True,False,77.0,5.9120304557823244,147000000.0,0.0591203045578232,['Non-round allocation (₹77.00 paise component) suggests interest-bearing balance accrual']
189,0.0,False,0.0004,False,0.0,False,0,0.0001,False,False,False,False,0.0,0.0,147000000.0,0.0,[]
190,0.0,False,0.001,False,0.0,False,0,0.0004,False,False,False,False,0.0,0.0,147000000.0,0.0,[]
191,0.0,False,0.0098,False,0.0003,False,0,0.0034,False,False,False,False,0.0,0.0,147000000.0,0.0,[]
192,0.0,False,0.0002,False,0.0,False,0,0.0001,False,False,False,False,0.0,0.0,147000000.0,0.0,[]
193,0.0007,True,0.1821,False,0.012,False,1,0.0649,False,False,True,False,0.0,0.09124557823130264,147000000.0,-0.002879991813449662,[]
194,0.0,False,0.0535,False,0.0001,False,0,0.0179,False,False,False,False,0.0,0.0,147000000.0,0.0,[]
195,0.0,False,0.001,False,0.0,False,0,0.0004,False,False,False,False,0.0,0.0,147000000.0,0.0,[]
196,0.0277,True,0.3565,False,0.012,False,1,0.1321,False,False,True,False,11.0,3.404029326530611,147000000.0,0.0,['Non-round allocation (₹11.00 paise component) suggests interest-bearing balance accrual']
197,0.0,False,0.001,False,0.0,False,0,0.0004,False,False,False,False,0.0,0.0,147000000.0,0.0,[]
198,0.0,False,0.0001,False,0.0,False,0,0.0,False,False,False,False,0.0,0.0,147000000.0,0.0,[]
199,0.1197,True,0.3257,False,0.0001,False,1,0.1485,False,False,True,False,11.0,14.697034768707496,147000000.0,0.14697034768707493,['Non-round allocation (₹11.00 paise component) suggests interest-bearing balance accrual']
200,0.0,False,0.0004,False,0.0,False,0,0.0001,False,False,False,False,0.0,0.0,147000000.0,0.0,[]
201,0.0,False,0.0394,False,0.0,False,0,0.0132,False,False,False,False,0.0,0.0,147000000.0,0.0,[]
202,0.0756,True,0.3147,False,0.0001,False,1,0.1301,False,False,True,False,11.0,9.281603476190492,147000000.0,0.09281603476190486,['Non-round allocation (₹11.00 paise component) suggests interest-bearing balance accrual']
203,0.0,False,0.0167,False,0.0004,False,0,0.0057,False,False,False,False,0.0,0.0,147000000.0,0.0,[]
204,0.0,False,0.0453,False,0.0,False,0,0.0151,False,False,False,False,0.0,0.0,147000000.0,0.0,[]
205,0.0,False,0.0549,False,0.0001,False,0,0.0183,False,False,False,False,0.0,0.0,147000000.0,0.0,[]
206,0.0,False,0.0098,False,0.0003,False,0,0.0034,False,False,False,False,0.0,0.0,147000000.0,0.0,[]
207,0.0,False,0.0535,False,0.0001,False,0,0.0179,False,False,False,False,0.0,0.0,147000000.0,0.0,[]
208,0.0,False,0.0,False,0.0,False,0,0.0,False,False,False,False,0.0,0.0,147000000.0,0.0,[]
209,0.2313,True,0.4771,False,0.0002,False,1,0.2362,False,False,True,False,26.0,28.399528068027212,147000000.0,0.283995280680272,"['Allocation is 28% above the ₹14.7 cr full-entitlement benchmark', 'Non-round allocation (₹26.00 paise component) suggests interest-bearing balance accrual']"
210,0.0,False,0.0933,False,0.0007,False,0,0.0313,False,False,False,False,0.0,0.0,147000000.0,0.0,[]
211,0.0,False,0.001,False,0.0,False,0,0.0004,False,False,False,False,0.0,0.0,147000000.0,0.0,[]
212,0.0,False,0.0385,False,0.0003,False,0,0.0129,False,False,False,False,0.0,0.0,147000000.0,0.0,[]
213,0.0,False,0.0242,False,0.0006,False,0,0.0083,False,False,False,False,0.0,0.0,147000000.0,0.0,[]
214,0.0,False,0.0001,False,0.0,False,0,0.0,False,False,False,False,0.0,0.0,147000000.0,0.0,[]
215,0.0,False,0.0135,False,0.0002,False,0,0.0046,False,False,False,False,0.0,0.0,147000000.0,0.0,[]
216,0.0452,True,0.3016,False,0.0007,False,1,0.1158,False,False,True,False,11.0,5.546760619047619,147000000.0,0.03171443691879793,['Non-round allocation (₹11.00 paise component) suggests interest-bearing balance accrual']
217,0.0,False,0.0708,False,0.0005,False,0,0.0238,False,False,False,False,0.0,0.0,147000000.0,0.0,[]
218,0.0,False,0.0069,False,0.0001,False,0,0.0023,False,False,False,False,0.0,0.0,147000000.0,0.0,[]
219,0.0,False,0.099,False,0.0005,False,0,0.0332,False,False,False,False,0.0,0.0,147000000.0,0.0,[]
220,0.0,False,0.0069,False,0.0001,False,0,0.0023,False,False,False,False,0.0,0.0,147000000.0,0.0,[]
221,0.0,False,0.0004,False,0.0,False,0,0.0001,False,False,False,False,0.0,0.0,147000000.0,0.0,[]
222,0.0,False,0.0228,False,0.0003,False,0,0.0077,False,False,False,False,0.0,0.0,147000000.0,0.0,[]
223,0.0,False,0.0394,False,0.0,False,0,0.0132,False,False,False,False,0.0,0.0,147000000.0,0.0,[]
224,0.0,False,0.2884,False,0.5202,True,1,0.2695,False,False,False,False,0.0,0.0,147000000.0,-0.2501223467476252,[]
225,0.1358,True,0.4,False,0.0001,False,1,0.1786,False,False,True,False,0.0,16.666666666666675,147000000.0,0.16666666666666666,[]
226,0.0,False,0.0385,False,0.0003,False,0,0.0129,False,False,False,False,0.0,0.0,147000000.0,0.0,[]
227,0.0,False,0.0385,False,0.0003,False,0,0.0129,False,False,False,False,0.0,0.0,147000000.0,0.0,[]
228,0.0,False,0.0001,False,0.0,False,0,0.0,False,False,False,False,0.0,0.0,147000000.0,0.0,[]
229,0.0,False,0.0394,False,0.0,False,0,0.0132,False,False,False,False,0.0,0.0,147000000.0,0.0,[]
230,0.0,False,0.0041,False,0.0,False,0,0.0014,False,False,False,False,0.0,0.0,147000000.0,0.0,[]
231,0.0,False,0.0242,False,0.0006,False,0,0.0083,False,False,False,False,0.0,0.0,147000000.0,0.0,[]
232,0.0,False,0.1978,False,0.0148,False,0,0.0708,False,False,False,False,0.0,0.0,147000000.0,-0.0037889903096454233,[]
233,0.0188,True,0.2526,False,0.0229,True,2,0.0981,True,False,True,False,11.0,2.302300755102049,147000000.0,0.0,"['Non-round allocation (₹11.00 paise component) suggests interest-bearing balance accrual', '2/3 anomaly methods agree (ensemble score 0.10)']"
234,0.0,False,0.0453,False,0.0,False,0,0.0151,False,False,False,False,0.0,0.0,147000000.0,0.0,[]
235,0.0,False,0.1933,False,0.095,True,1,0.0961,False,False,False,False,0.0,0.0,147000000.0,-0.03013212633222803,[]
236,0.0,False,0.099,False,0.0005,False,0,0.0332,False,False,False,False,0.0,0.0,147000000.0,0.0,[]
237,0.0,False,0.099,False,0.0005,False,0,0.0332,False,False,False,False,0.0,0.0,147000000.0,0.0,[]
238,0.0,False,0.001,False,0.0,False,0,0.0004,False,False,False,False,0.0,0.0,147000000.0,0.0,[]
239,0.0,False,0.001,False,0.0,False,0,0.0004,False,False,False,False,0.0,0.0,147000000.0,0.0,[]
240,0.3085,True,0.6356,True,0.0003,False,2,0.3148,True,False,True,False,56.0,37.87618133333333,147000000.0,0.37876181333333336,"['Allocation is 38% above the ₹14.7 cr full-entitlement benchmark', 'Non-round allocation (₹56.00 paise component) suggests interest-bearing balance accrual', '2/3 anomaly methods agree (ensemble score 0.31)']"
241,0.0,False,0.0404,False,0.0,False,0,0.0135,False,False,False,False,0.0,0.0,147000000.0,0.0,[]
242,0.0,False,0.0394,False,0.0,False,0,0.0132,False,False,False,False,0.0,0.0,147000000.0,0.0,[]
243,0.0,False,0.0394,False,0.0,False,0,0.0132,False,False,False,False,0.0,0.0,147000000.0,0.0,[]
244,0.1341,True,0.3843,False,0.0001,False,1,0.1728,False,False,True,False,11.0,16.46301368027212,147000000.0,0.09442143732046243,['Non-round allocation (₹11.00 paise component) suggests interest-bearing balance accrual']
245,0.0,False,0.139,False,0.0012,False,0,0.0468,False,False,False,False,0.0,0.0,147000000.0,0.0,[]
246,0.0,False,0.0453,False,0.0,False,0,0.0151,False,False,False,False,0.0,0.0,147000000.0,0.0,[]
247,0.0,False,0.0629,False,0.0001,False,0,0.021,False,False,False,False,0.0,0.0,147000000.0,0.0,[]
248,0.1358,True,0.3437,False,0.0001,False,1,0.1598,False,False,True,False,0.0,16.666666666666675,147000000.0,0.16666666666666666,[]
249,0.2185,True,0.4533,False,0.0002,False,1,0.224,False,False,True,False,11.0,26.831235448979605,147000000.0,0.268312354489796,"['Allocation is 27% above the ₹14.7 cr full-entitlement benchmark', 'Non-round allocation (₹11.00 paise component) suggests interest-bearing balance accrual']"
250,0.0,False,0.0004,False,0.0,False,0,0.0001,False,False,False,False,0.0,0.0,147000000.0,0.0,[]
251,0.0,False,0.0754,False,0.0004,False,0,0.0253,False,False,False,False,0.0,0.0,147000000.0,0.0,[]
252,0.0,False,0.0632,False,0.0002,False,0,0.0211,False,False,False,False,0.0,0.0,147000000.0,0.0,[]
253,0.0,False,0.001,False,0.0,False,0,0.0004,False,False,False,False,0.0,0.0,147000000.0,0.0,[]
254,0.1152,True,0.3834,False,0.0001,False,1,0.1662,False,False,True,False,11.0,14.14751640136056,147000000.0,0.07266234162116167,['Non-round allocation (₹11.00 paise component) suggests interest-bearing balance accrual']
255,0.0,False,0.0836,False,0.0014,False,0,0.0284,False,False,False,False,0.0,0.0,147000000.0,0.0,[]
256,0.0,False,0.0002,False,0.0,False,0,0.0001,False,False,False,False,0.0,0.0,147000000.0,0.0,[]
257,0.0884,True,0.3219,False,0.0001,False,1,0.1368,False,False,True,False,0.0,10.851715646258508,147000000.0,0.10851715646258503,[]
258,0.0,False,0.001,False,0.0,False,0,0.0004,False,False,False,False,0.0,0.0,147000000.0,0.0,[]
259,0.1497,True,0.4078,False,0.0001,False,1,0.1858,False,False,True,False,11.0,18.3739204829932,147000000.0,0.11237853205408187,['Non-round allocation (₹11.00 paise component) suggests interest-bearing balance accrual']
260,0.0,False,0.001,False,0.0,False,0,0.0004,False,False,False,False,0.0,0.0,147000000.0,0.0,[]
261,0.0,False,0.0,False,0.0,False,0,0.0,False,False,False,False,0.0,0.0,147000000.0,0.0,[]
262,0.0,False,0.0002,False,0.0,False,0,0.0001,False,False,False,False,0.0,0.0,147000000.0,0.0,[]
263,0.0004,True,0.1918,False,0.0121,False,1,0.0681,False,False,True,False,11.0,0.04486878231293456,147000000.0,0.000448687823129349,['Non-round allocation (₹11.00 paise component) suggests interest-bearing balance accrual']
264,0.0,False,0.0708,False,0.0005,False,0,0.0238,False,False,False,False,0.0,0.0,147000000.0,0.0,[]
265,0.1851,True,0.4612,False,0.0001,False,1,0.2154,False,False,True,False,0.0,22.720412925170063,147000000.0,0.1532232118846151,[]
266,0.0,False,0.0228,False,0.0003,False,0,0.0077,False,False,False,False,0.0,0.0,147000000.0,0.0,[]
267,0.0,False,0.2322,False,0.1225,True,1,0.1182,False,False,False,False,0.0,0.0,147000000.0,-0.060284117045952365,[]
268,0.0,False,0.0549,False,0.0001,False,0,0.0183,False,False,False,False,0.0,0.0,147000000.0,0.0,[]
269,0.0,False,0.1347,False,0.0865,True,1,0.0737,False,False,False,False,0.0,0.0,147000000.0,-0.02250487758445872,[]
270,0.0101,True,0.2614,False,0.0133,False,1,0.0949,False,False,True,False,11.0,1.235567421768713,147000000.0,0.012355674217687173,['Non-round allocation (₹11.00 paise component) suggests interest-bearing balance accrual']
271,0.2044,True,0.4427,False,0.0001,False,1,0.2158,False,False,True,False,0.0,25.096695918367338,147000000.0,0.25096695918367345,['Allocation is 25% above the ₹14.7 cr full-entitlement benchmark']
272,0.0,False,0.0933,False,0.0007,False,0,0.0313,False,False,False,False,0.0,0.0,147000000.0,0.0,[]
273,0.0,False,0.0394,False,0.0,False,0,0.0132,False,False,False,False,0.0,0.0,147000000.0,0.0,[]
274,0.1645,True,0.3993,False,0.0001,False,1,0.188,False,False,True,False,0.0,20.1947612244898,147000000.0,0.20194761224489796,[]
275,0.0,False,0.0381,False,0.0003,False,0,0.0128,False,False,False,False,0.0,0.0,147000000.0,0.0,[]
276,0.0,False,0.0042,False,0.0001,False,0,0.0014,False,False,False,False,0.0,0.0,147000000.0,0.0,[]
277,0.097,True,0.3164,False,0.0001,False,1,0.1378,False,False,True,False,11.0,11.91501436054423,147000000.0,0.11915014360544228,['Non-round allocation (₹11.00 paise component) suggests interest-bearing balance accrual']
278,0.0,False,0.099,False,0.0005,False,0,0.0332,False,False,False,False,0.0,0.0,147000000.0,0.0,[]
279,0.0,False,0.0385,False,0.0003,False,0,0.0129,False,False,False,False,0.0,0.0,147000000.0,0.0,[]
280,0.1737,True,0.5811,True,0.0039,False,2,0.2529,True,False,True,False,75.0,21.327512755102052,147000000.0,0.0,"['Non-round allocation (₹75.00 paise component) suggests interest-bearing balance accrual', '2/3 anomaly methods agree (ensemble score 0.25)']"
281,0.1113,True,0.3207,False,0.0001,False,1,0.144,False,False,True,False,11.0,13.661837489795925,147000000.0,0.13661837489795928,['Non-round allocation (₹11.00 paise component) suggests interest-bearing balance accrual']
282,0.0,False,0.0002,False,0.0,False,0,0.0001,False,False,False,False,0.0,0.0,147000000.0,0.0,[]
283,0.0,False,0.0167,False,0.0004,False,0,0.0057,False,False,False,False,0.0,0.0,147000000.0,0.0,[]
284,0.0,False,0.0,False,0.0,False,0,0.0,False,False,False,False,0.0,0.0,147000000.0,0.0,[]
285,0.0,False,0.0001,False,0.0,False,0,0.0,False,False,False,False,0.0,0.0,147000000.0,0.0,[]
286,0.4369,True,0.7416,True,0.0006,False,2,0.393,True,False,True,False,0.0,53.6352775510204,147000000.0,0.5305315497315991,"['Allocation is 54% above the ₹14.7 cr full-entitlement benchmark', '2/3 anomaly methods agree (ensemble score 0.39)']"
287,0.0,False,0.0535,False,0.0001,False,0,0.0179,False,False,False,False,0.0,0.0,147000000.0,0.0,[]
288,0.0,False,0.0435,False,0.0009,False,0,0.0148,False,False,False,False,0.0,0.0,147000000.0,0.0,[]
289,0.177,True,0.4274,False,0.0001,False,1,0.2015,False,False,True,False,11.0,21.735698714285732,147000000.0,0.14396969604322932,['Non-round allocation (₹11.00 paise component) suggests interest-bearing balance accrual']
290,0.0,False,0.0,False,0.0,False,0,0.0,False,False,False,False,0.0,0.0,147000000.0,0.0,[]
291,0.0,False,0.0535,False,0.0001,False,0,0.0179,False,False,False,False,0.0,0.0,147000000.0,0.0,[]
292,0.0782,True,0.3922,False,0.0462,True,2,0.1722,True,False,True,False,0.0,9.601729251700686,147000000.0,0.0,['2/3 anomaly methods agree (ensemble score 0.17)']
293,0.0,False,0.001,False,0.0,False,0,0.0004,False,False,False,False,0.0,0.0,147000000.0,0.0,[]
294,0.2694,True,0.6002,True,0.0002,False,2,0.2899,True,False,True,False,70.0,33.07047734693877,147000000.0,0.33070477346938765,"['Allocation is 33% above the ₹14.7 cr full-entitlement benchmark', 'Non-round allocation (₹70.00 paise component) suggests interest-bearing balance accrual', '2/3 anomaly methods agree (ensemble score 0.29)']"
295,0.0,False,0.0443,False,0.0006,False,0,0.015,False,False,False,False,0.0,0.0,147000000.0,0.0,[]
296,0.0713,True,0.3251,False,0.0001,False,1,0.1321,False,False,True,False,0.0,8.751731972789113,147000000.0,0.08751731972789116,[]
297,0.0385,True,0.4304,False,0.0136,False,1,0.1608,False,False,True,False,41.0,4.722762183673468,147000000.0,0.0,['Non-round allocation (₹41.00 paise component) suggests interest-bearing balance accrual']
298,0.0,False,0.0453,False,0.0,False,0,0.0151,False,False,False,False,0.0,0.0,147000000.0,0.0,[]
299,0.0,False,0.0098,False,0.0003,False,0,0.0034,False,False,False,False,0.0,0.0,147000000.0,0.0,[]
300,0.0,False,0.0002,False,0.0,False,0,0.0001,False,False,False,False,0.0,0.0,147000000.0,0.0,[]
301,0.0,False,0.0708,False,0.0005,False,0,0.0238,False,False,False,False,0.0,0.0,147000000.0,0.0,[]
302,0.0,False,0.0041,False,0.0,False,0,0.0014,False,False,False,False,0.0,0.0,147000000.0,0.0,[]
303,0.0031,True,0.1858,False,0.0104,False,1,0.0664,False,False,True,False,11.0,0.3836442925170269,147000000.0,0.0038364429251701655,['Non-round allocation (₹11.00 paise component) suggests interest-bearing balance accrual']
304,0.002,True,0.1762,False,0.0112,False,1,0.0632,False,False,True,False,11.0,0.24768510884354278,147000000.0,0.0024768510884354716,['Non-round allocation (₹11.00 paise component) suggests interest-bearing balance accrual']
305,0.0,False,0.001,False,0.0,False,0,0.0004,False,False,False,False,0.0,0.0,147000000.0,0.0,[]
306,0.0,False,0.0041,False,0.0,False,0,0.0014,False,False,False,False,0.0,0.0,147000000.0,0.0,[]
307,0.0,False,0.001,False,0.0,False,0,0.0004,False,False,False,False,0.0,0.0,147000000.0,0.0,[]
308,0.0,False,0.0041,False,0.0,False,0,0.0014,False,False,False,False,0.0,0.0,147000000.0,0.0,[]
309,0.0,False,0.0167,False,0.0004,False,0,0.0057,False,False,False,False,0.0,0.0,147000000.0,0.0,[]
310,0.0,False,0.001,False,0.0,False,0,0.0004,False,False,False,False,0.0,0.0,147000000.0,0.0,[]
311,0.0,False,0.0041,False,0.0,False,0,0.0014,False,False,False,False,0.0,0.0,147000000.0,0.0,[]
312,0.0,False,0.0098,False,0.0003,False,0,0.0034,False,False,False,False,0.0,0.0,147000000.0,0.0,[]
313,0.0,False,0.074,False,0.0002,False,0,0.0247,False,False,False,False,0.0,0.0,147000000.0,0.0,[]
314,0.1174,True,0.3514,False,0.0001,False,1,0.1563,False,False,True,False,11.0,14.418425925170087,147000000.0,0.14418425925170078,['Non-round allocation (₹11.00 paise component) suggests interest-bearing balance accrual']
315,0.0,False,0.0404,False,0.0,False,0,0.0135,False,False,False,False,0.0,0.0,147000000.0,0.0,[]
316,0.0937,True,0.4855,False,0.0001,False,1,0.1931,False,False,True,False,60.0,11.501331020408156,147000000.0,0.11501331020408159,['Non-round allocation (₹60.00 paise component) suggests interest-bearing balance accrual']
317,0.2092,True,0.4806,False,0.0001,False,1,0.23,False,False,True,False,11.0,25.686067421768712,147000000.0,0.25686067421768716,"['Allocation is 26% above the ₹14.7 cr full-entitlement benchmark', 'Non-round allocation (₹11.00 paise component) suggests interest-bearing balance accrual']"
318,0.072,True,0.3151,False,0.0001,False,1,0.129,False,False,True,False,11.0,8.840619802721106,147000000.0,0.08840619802721097,['Non-round allocation (₹11.00 paise component) suggests interest-bearing balance accrual']
319,0.0,False,0.0453,False,0.0,False,0,0.0151,False,False,False,False,0.0,0.0,147000000.0,0.0,[]
320,0.0072,True,0.2723,False,0.01,False,1,0.0965,False,False,True,False,11.0,0.8844606190476334,147000000.0,0.008844606190476287,['Non-round allocation (₹11.00 paise component) suggests interest-bearing balance accrual']
321,0.0,False,0.0098,False,0.0003,False,0,0.0034,False,False,False,False,0.0,0.0,147000000.0,0.0,[]
322,0.0,False,0.0001,False,0.0,False,0,0.0,False,False,False,False,0.0,0.0,147000000.0,0.0,[]
323,0.1138,True,0.3636,False,0.0001,False,1,0.1592,False,False,True,False,11.0,13.973977625850353,147000000.0,0.1397397762585035,['Non-round allocation (₹11.00 paise component) suggests interest-bearing balance accrual']
324,0.5434,True,0.7214,True,0.0002,False,2,0.4216,True,False,True,False,0.0,66.71017482993197,147000000.0,0.2501223467476252,"['Allocation is 67% above the ₹14.7 cr full-entitlement benchmark', '2/3 anomaly methods agree (ensemble score 0.42)']"
325,0.0,False,0.0001,False,0.0,False,0,0.0,False,False,False,False,0.0,0.0,147000000.0,0.0,[]
326,0.0,False,0.0242,False,0.0006,False,0,0.0083,False,False,False,False,0.0,0.0,147000000.0,0.0,[]
327,0.0,False,0.0476,False,0.0,False,0,0.0159,False,False,False,False,0.0,0.0,147000000.0,0.0,[]
328,0.0,False,0.2424,False,0.1239,True,1,0.1221,False,False,False,False,0.0,0.0,147000000.0,-0.060284117045952365,[]
329,0.0,False,0.0535,False,0.0001,False,0,0.0179,False,False,False,False,0.0,0.0,147000000.0,0.0,[]
330,0.0,False,0.0754,False,0.0004,False,0,0.0253,False,False,False,False,0.0,0.0,147000000.0,0.0,[]
331,0.0,False,0.0404,False,0.0,False,0,0.0135,False,False,False,False,0.0,0.0,147000000.0,0.0,[]
332,0.0,False,0.0381,False,0.0003,False,0,0.0128,False,False,False,False,0.0,0.0,147000000.0,0.0,[]
333,0.2715,True,0.8521,True,0.5149,True,3,0.5462,True,False,False,True,0.0,-33.333333333333336,147000000.0,-0.3333333333333333,"['Allocation is 33% below the full-entitlement benchmark (possible pro-rated term — verify membership dates)', '3/3 anomaly methods agree (ensemble score 0.55)']"
334,0.0,False,0.0419,False,0.0,False,0,0.014,False,False,False,False,0.0,0.0,147000000.0,0.0,[]
335,0.0,False,0.0041,False,0.0,False,0,0.0014,False,False,False,False,0.0,0.0,147000000.0,0.0,[]
336,0.0,False,0.0394,False,0.0,False,0,0.0132,False,False,False,False,0.0,0.0,147000000.0,0.0,[]
337,0.0004,True,0.224,False,0.0165,False,1,0.0803,False,False,True,False,11.0,0.04371027891156842,147000000.0,0.0004371027891157436,['Non-round allocation (₹11.00 paise component) suggests interest-bearing balance accrual']
338,0.0,False,0.0476,False,0.0,False,0,0.0159,False,False,False,False,0.0,0.0,147000000.0,0.0,[]
339,0.0,False,0.0394,False,0.0,False,0,0.0132,False,False,False,False,0.0,0.0,147000000.0,0.0,[]
340,0.0026,True,0.1876,False,0.0047,False,1,0.065,False,False,True,False,0.0,0.3199156462585062,147000000.0,-0.0006019554198961637,[]
341,0.0253,True,0.2586,False,0.002,False,1,0.0953,False,False,True,False,9.0,3.1019619659863995,147000000.0,0.03101961965986397,['Non-round allocation (₹9.00 paise component) suggests interest-bearing balance accrual']
342,0.0,False,0.001,False,0.0,False,0,0.0004,False,False,False,False,0.0,0.0,147000000.0,0.0,[]
343,0.1358,True,0.6746,True,0.2596,True,3,0.3566,True,False,False,True,0.0,-16.666666666666664,147000000.0,-0.16666666666666666,"['Allocation is 17% below the full-entitlement benchmark (possible pro-rated term — verify membership dates)', '3/3 anomaly methods agree (ensemble score 0.36)']"
344,0.0,False,0.0004,False,0.0,False,0,0.0001,False,False,False,False,0.0,0.0,147000000.0,0.0,[]
345,0.0,False,0.0424,False,0.0007,False,0,0.0143,False,False,False,False,0.0,0.0,147000000.0,0.0,[]
346,0.0,False,0.0471,False,0.0008,False,0,0.016,False,False,False,False,0.0,0.0,147000000.0,0.0,[]
347,0.0,False,0.001,False,0.0,False,0,0.0004,False,False,False,False,0.0,0.0,147000000.0,0.0,[]
348,0.0,False,0.2322,False,0.1225,True,1,0.1182,False,False,False,False,0.0,0.0,147000000.0,-0.060284117045952365,[]
349,0.0,False,0.001,False,0.0,False,0,0.0004,False,False,False,False,0.0,0.0,147000000.0,0.0,[]
350,0.0004,True,0.1514,False,0.0166,False,1,0.0561,False,False,True,False,11.0,0.04395721768708505,147000000.0,0.0004395721768708456,['Non-round allocation (₹11.00 paise component) suggests interest-bearing balance accrual']
351,0.0,False,0.0001,False,0.0,False,0,0.0,False,False,False,False,0.0,0.0,147000000.0,0.0,[]
352,0.0,False,0.0404,False,0.0,False,0,0.0135,False,False,False,False,0.0,0.0,147000000.0,0.0,[]
353,0.0,False,0.0004,False,0.0,False,0,0.0001,False,False,False,False,0.0,0.0,147000000.0,0.0,[]
354,0.0704,True,0.2911,False,0.0001,False,1,0.1206,False,False,True,False,9.0,8.644198700680272,147000000.0,0.06199174308659856,['Non-round allocation (₹9.00 paise component) suggests interest-bearing balance accrual']
355,0.0,False,0.001,False,0.0,False,0,0.0004,False,False,False,False,0.0,0.0,147000000.0,0.0,[]
356,0.0,False,0.0399,False,0.0,False,0,0.0133,False,False,False,False,0.0,0.0,147000000.0,0.0,[]
357,0.089,True,0.4097,False,0.0001,False,1,0.1663,False,False,True,False,37.0,10.924343789115643,147000000.0,0.1092434378911565,['Non-round allocation (₹37.00 paise component) suggests interest-bearing balance accrual']
358,0.0,False,0.0,False,0.0,False,0,0.0,False,False,False,False,0.0,0.0,147000000.0,0.0,[]
359,0.0,False,0.0002,False,0.0,False,0,0.0001,False,False,False,False,0.0,0.0,147000000.0,0.0,[]
360,0.0,False,0.0,False,0.0,False,0,0.0,False,False,False,False,0.0,0.0,147000000.0,0.0,[]
361,0.0326,True,0.2493,False,0.0006,False,1,0.0942,False,False,True,False,11.0,3.99910347619048,147000000.0,0.03999103476190486,['Non-round allocation (₹11.00 paise component) suggests interest-bearing balance accrual']
362,0.1795,True,0.3833,False,0.0001,False,1,0.1876,False,False,True,False,11.0,22.033310959183684,147000000.0,0.18356187816621494,['Non-round allocation (₹11.00 paise component) suggests interest-bearing balance accrual']
363,0.0,False,0.001,False,0.0,False,0,0.0004,False,False,False,False,0.0,0.0,147000000.0,0.0,[]
364,0.0,False,0.0,False,0.0,False,0,0.0,False,False,False,False,0.0,0.0,147000000.0,0.0,[]
365,0.0,False,0.0,False,0.0,False,0,0.0,False,False,False,False,0.0,0.0,147000000.0,0.0,[]
366,0.0,False,0.0535,False,0.0001,False,0,0.0179,False,False,False,False,0.0,0.0,147000000.0,0.0,[]
367,0.0,False,0.0404,False,0.0,False,0,0.0135,False,False,False,False,0.0,0.0,147000000.0,0.0,[]
368,0.0,False,0.0404,False,0.0,False,0,0.0135,False,False,False,False,0.0,0.0,147000000.0,0.0,[]
369,0.0,False,0.0453,False,0.0,False,0,0.0151,False,False,False,False,0.0,0.0,147000000.0,0.0,[]
370,0.0433,True,0.3112,False,0.0002,False,1,0.1182,False,False,True,False,11.0,5.312106877551037,147000000.0,0.0531210687755103,['Non-round allocation (₹11.00 paise component) suggests interest-bearing balance accrual']
371,0.0,False,0.0098,False,0.0003,False,0,0.0034,False,False,False,False,0.0,0.0,147000000.0,0.0,[]
372,0.0,False,0.0394,False,0.0,False,0,0.0132,False,False,False,False,0.0,0.0,147000000.0,0.0,[]
373,0.0,False,0.001,False,0.0,False,0,0.0004,False,False,False,False,0.0,0.0,147000000.0,0.0,[]
374,0.0,False,0.0242,False,0.0006,False,0,0.0083,False,False,False,False,0.0,0.0,147000000.0,0.0,[]
375,0.3168,True,0.5539,True,0.0003,False,2,0.2904,True,False,True,False,11.0,38.8958891904762,147000000.0,0.388958891904762,"['Allocation is 39% above the ₹14.7 cr full-entitlement benchmark', 'Non-round allocation (₹11.00 paise component) suggests interest-bearing balance accrual', '2/3 anomaly methods agree (ensemble score 0.29)']"
376,0.0263,True,0.2972,False,0.0007,False,1,0.1081,False,False,True,False,11.0,3.229168782312941,147000000.0,0.03229168782312935,['Non-round allocation (₹11.00 paise component) suggests interest-bearing balance accrual']
377,0.0,False,0.0228,False,0.0003,False,0,0.0077,False,False,False,False,0.0,0.0,147000000.0,0.0,[]
378,0.0723,True,0.2954,False,0.0001,False,1,0.1226,False,False,True,False,7.0,8.882263312925165,147000000.0,0.08882263312925165,['Non-round allocation (₹7.00 paise component) suggests interest-bearing balance accrual']
379,0.0234,True,0.2407,False,0.0019,False,1,0.0887,False,False,True,False,11.0,2.8788823877551106,147000000.0,0.028788823877551117,['Non-round allocation (₹11.00 paise component) suggests interest-bearing balance accrual']
380,0.0,False,0.001,False,0.0,False,0,0.0004,False,False,False,False,0.0,0.0,147000000.0,0.0,[]
381,0.6788,True,0.8379,True,0.0012,False,2,0.5059,True,False,True,False,0.0,83.33333333333333,147000000.0,0.8333333333333334,"['Allocation is 83% above the ₹14.7 cr full-entitlement benchmark', '2/3 anomaly methods agree (ensemble score 0.51)']"
382,0.0,False,0.0404,False,0.0,False,0,0.0135,False,False,False,False,0.0,0.0,147000000.0,0.0,[]
383,0.0031,True,0.1831,False,0.0036,False,1,0.0633,False,False,True,False,0.0,0.3803401360544134,147000000.0,0.0,[]
384,0.0,False,0.0242,False,0.0006,False,0,0.0083,False,False,False,False,0.0,0.0,147000000.0,0.0,[]
385,0.0,False,0.0632,False,0.0002,False,0,0.0211,False,False,False,False,0.0,0.0,147000000.0,0.0,[]
386,0.0,False,0.0399,False,0.0,False,0,0.0133,False,False,False,False,0.0,0.0,147000000.0,0.0,[]
387,0.0,False,0.0404,False,0.0,False,0,0.0135,False,False,False,False,0.0,0.0,147000000.0,0.0,[]
388,0.0,False,0.0041,False,0.0,False,0,0.0014,False,False,False,False,0.0,0.0,147000000.0,0.0,[]
389,0.0,False,0.0453,False,0.0,False,0,0.0151,False,False,False,False,0.0,0.0,147000000.0,0.0,[]
390,0.0,False,0.0476,False,0.0,False,0,0.0159,False,False,False,False,0.0,0.0,147000000.0,0.0,[]
391,0.0,False,0.1853,False,0.0019,False,0,0.0624,False,False,False,False,0.0,0.0,147000000.0,0.0,[]
392,0.0026,True,0.1753,False,0.0181,False,1,0.0653,False,False,True,False,11.0,0.32342864625851675,147000000.0,0.0032342864625851315,['Non-round allocation (₹11.00 paise component) suggests interest-bearing balance accrual']
393,0.0,False,0.0549,False,0.0001,False,0,0.0183,False,False,False,False,0.0,0.0,147000000.0,0.0,[]
394,0.0334,True,0.2647,False,0.0152,False,1,0.1044,False,False,True,False,0.0,4.105723809523809,147000000.0,0.017628372393490067,[]
395,0.0,False,0.001,False,0.0,False,0,0.0004,False,False,False,False,0.0,0.0,147000000.0,0.0,[]
396,0.0444,True,0.2637,False,0.0002,False,1,0.1028,False,False,True,False,11.0,5.4516715034013785,147000000.0,0.0545167150340137,['Non-round allocation (₹11.00 paise component) suggests interest-bearing balance accrual']
397,0.0,False,0.1853,False,0.0019,False,0,0.0624,False,False,False,False,0.0,0.0,147000000.0,0.0,[]
398,0.0,False,0.099,False,0.0005,False,0,0.0332,False,False,False,False,0.0,0.0,147000000.0,0.0,[]
399,0.1861,True,0.5187,False,0.0001,False,1,0.235,False,False,True,False,34.0,22.84988594557824,147000000.0,0.22849885945578233,['Non-round allocation (₹34.00 paise component) suggests interest-bearing balance accrual']
400,0.0,False,0.0708,False,0.0005,False,0,0.0238,False,False,False,False,0.0,0.0,147000000.0,0.0,[]
401,0.0,False,0.0004,False,0.0,False,0,0.0001,False,False,False,False,0.0,0.0,147000000.0,0.0,[]
402,0.0,False,0.315,False,0.0001,False,0,0.105,False,False,False,False,0.0,0.0,147000000.0,0.2,[]
403,0.0,False,0.0381,False,0.0003,False,0,0.0128,False,False,False,False,0.0,0.0,147000000.0,0.0,[]
404,0.1852,True,0.4587,False,0.0001,False,1,0.2147,False,False,True,False,40.0,22.734722040816322,147000000.0,0.2273472204081633,['Non-round allocation (₹40.00 paise component) suggests interest-bearing balance accrual']
405,0.0,False,0.0041,False,0.0,False,0,0.0014,False,False,False,False,0.0,0.0,147000000.0,0.0,[]
406,0.0,False,0.0476,False,0.0,False,0,0.0159,False,False,False,False,0.0,0.0,147000000.0,0.0,[]
407,0.0,False,0.0404,False,0.0,False,0,0.0135,False,False,False,False,0.0,0.0,147000000.0,0.0,[]
408,0.1428,True,0.3942,False,0.0001,False,1,0.179,False,False,True,False,11.0,17.534229326530614,147000000.0,0.17534229326530623,['Non-round allocation (₹11.00 paise component) suggests interest-bearing balance accrual']
409,0.0004,True,0.2247,False,0.0161,False,1,0.0804,False,False,True,False,11.0,0.04378034693879318,147000000.0,0.00043780346938785243,['Non-round allocation (₹11.00 paise component) suggests interest-bearing balance accrual']
410,0.2141,True,0.5069,False,0.0002,False,1,0.2404,False,False,True,False,0.0,26.286002040816324,147000000.0,0.26286002040816325,['Allocation is 26% above the ₹14.7 cr full-entitlement benchmark']
411,0.0,False,0.0002,False,0.0,False,0,0.0001,False,False,False,False,0.0,0.0,147000000.0,0.0,[]
412,0.0,False,0.1603,False,0.0755,True,1,0.0786,False,False,False,False,0.0,0.0,147000000.0,-0.02250487758445872,[]
413,0.6788,True,0.8379,True,0.0012,False,2,0.5059,True,False,True,False,0.0,83.33333333333333,147000000.0,0.8333333333333334,"['Allocation is 83% above the ₹14.7 cr full-entitlement benchmark', '2/3 anomaly methods agree (ensemble score 0.51)']"
414,0.0213,True,0.298,False,0.0031,False,1,0.1075,False,False,True,False,15.0,2.6192844557823225,147000000.0,0.02619284455782317,['Non-round allocation (₹15.00 paise component) suggests interest-bearing balance accrual']
415,0.1358,True,0.4,False,0.0001,False,1,0.1786,False,False,True,False,0.0,16.666666666666675,147000000.0,0.16666666666666666,[]
416,0.0,False,0.0167,False,0.0004,False,0,0.0057,False,False,False,False,0.0,0.0,147000000.0,0.0,[]
417,0.0,False,0.0394,False,0.0,False,0,0.0132,False,False,False,False,0.0,0.0,147000000.0,0.0,[]
418,0.0,False,0.0135,False,0.0002,False,0,0.0046,False,False,False,False,0.0,0.0,147000000.0,0.0,[]
419,0.0,False,0.0001,False,0.0,False,0,0.0,False,False,False,False,0.0,0.0,147000000.0,0.0,[]
420,0.0,False,0.0167,False,0.0004,False,0,0.0057,False,False,False,False,0.0,0.0,147000000.0,0.0,[]
421,0.0,False,0.0708,False,0.0005,False,0,0.0238,False,False,False,False,0.0,0.0,147000000.0,0.0,[]
422,0.0,False,0.0708,False,0.0005,False,0,0.0238,False,False,False,False,0.0,0.0,147000000.0,0.0,[]
423,0.0,False,0.0069,False,0.0001,False,0,0.0023,False,False,False,False,0.0,0.0,147000000.0,0.0,[]
424,0.0,False,0.0,False,0.0,False,0,0.0,False,False,False,False,0.0,0.0,147000000.0,0.0,[]
425,0.0,False,0.0549,False,0.0001,False,0,0.0183,False,False,False,False,0.0,0.0,147000000.0,0.0,[]
426,0.0,False,0.001,False,0.0,False,0,0.0004,False,False,False,False,0.0,0.0,147000000.0,0.0,[]
427,0.0,False,0.0394,False,0.0,False,0,0.0132,False,False,False,False,0.0,0.0,147000000.0,0.0,[]
428,0.0,False,0.0042,False,0.0001,False,0,0.0014,False,False,False,False,0.0,0.0,147000000.0,0.0,[]
429,0.0,False,0.0135,False,0.0002,False,0,0.0046,False,False,False,False,0.0,0.0,147000000.0,0.0,[]
430,0.0,False,0.0135,False,0.0002,False,0,0.0046,False,False,False,False,0.0,0.0,147000000.0,0.0,[]
431,0.0,False,0.0004,False,0.0,False,0,0.0001,False,False,False,False,0.0,0.0,147000000.0,0.0,[]
432,0.0,False,0.0098,False,0.0003,False,0,0.0034,False,False,False,False,0.0,0.0,147000000.0,0.0,[]
433,0.0,False,0.0004,False,0.0,False,0,0.0001,False,False,False,False,0.0,0.0,147000000.0,0.0,[]
434,0.0,False,0.0167,False,0.0004,False,0,0.0057,False,False,False,False,0.0,0.0,147000000.0,0.0,[]
435,0.0,False,0.0424,False,0.0007,False,0,0.0143,False,False,False,False,0.0,0.0,147000000.0,0.0,[]
436,0.0,False,0.0515,False,0.0007,False,0,0.0174,False,False,False,False,0.0,0.0,147000000.0,0.0,[]
437,0.0,False,0.0575,False,0.0002,False,0,0.0192,False,False,False,False,0.0,0.0,147000000.0,0.0,[]
438,0.0,False,0.0639,False,0.0003,False,0,0.0214,False,False,False,False,0.0,0.0,147000000.0,0.0,[]
439,0.0,False,0.0428,False,0.0007,False,0,0.0145,False,False,False,False,0.0,0.0,147000000.0,0.0,[]
440,0.0,False,0.0471,False,0.0008,False,0,0.016,False,False,False,False,0.0,0.0,147000000.0,0.0,[]
441,0.0,False,0.046,False,0.0007,False,0,0.0156,False,False,False,False,0.0,0.0,147000000.0,0.0,[]
442,0.0,False,0.0552,False,0.0006,False,0,0.0186,False,False,False,False,0.0,0.0,147000000.0,0.0,[]
443,0.0,False,0.0906,False,0.0001,False,0,0.0302,False,False,False,False,0.0,0.0,147000000.0,0.0,[]
444,0.0,False,0.0872,False,0.0002,False,0,0.0291,False,False,False,False,0.0,0.0,147000000.0,0.0,[]
445,0.2978,True,0.5838,True,0.0003,False,2,0.294,True,False,True,False,0.0,36.562832653061214,147000000.0,0.3656283265306122,"['Allocation is 37% above the ₹14.7 cr full-entitlement benchmark', '2/3 anomaly methods agree (ensemble score 0.29)']"
446,0.0,False,0.0515,False,0.0007,False,0,0.0174,False,False,False,False,0.0,0.0,147000000.0,0.0,[]
447,0.0,False,0.0428,False,0.0007,False,0,0.0145,False,False,False,False,0.0,0.0,147000000.0,0.0,[]
448,0.0841,True,0.3262,False,0.0001,False,1,0.1368,False,False,True,False,11.0,10.324666741496614,147000000.0,0.10324666741496609,['Non-round allocation (₹11.00 paise component) suggests interest-bearing balance accrual']
449,0.0,False,0.0443,False,0.0006,False,0,0.015,False,False,False,False,0.0,0.0,147000000.0,0.0,[]
450,0.1446,True,0.592,True,0.0001,False,2,0.2456,True,False,True,False,91.0,17.75289585714286,147000000.0,0.17752895857142856,"['Non-round allocation (₹91.00 paise component) suggests interest-bearing balance accrual', '2/3 anomaly methods agree (ensemble score 0.25)']"
451,0.0,False,0.0981,False,0.0004,False,0,0.0328,False,False,False,False,0.0,0.0,147000000.0,0.0,[]
452,0.0,False,0.0424,False,0.0007,False,0,0.0143,False,False,False,False,0.0,0.0,147000000.0,0.0,[]
453,0.0668,True,0.3441,False,0.0001,False,1,0.137,False,False,True,False,11.0,8.196791911564638,147000000.0,0.08196791911564635,['Non-round allocation (₹11.00 paise component) suggests interest-bearing balance accrual']
454,0.0,False,0.0552,False,0.0006,False,0,0.0186,False,False,False,False,0.0,0.0,147000000.0,0.0,[]
455,0.0,False,0.046,False,0.0007,False,0,0.0156,False,False,False,False,0.0,0.0,147000000.0,0.0,[]
456,0.0,False,0.0552,False,0.0006,False,0,0.0186,False,False,False,False,0.0,0.0,147000000.0,0.0,[]
457,0.0835,True,0.3186,False,0.0001,False,1,0.134,False,False,True,False,11.0,10.251888510204088,147000000.0,0.10251888510204091,['Non-round allocation (₹11.00 paise component) suggests interest-bearing balance accrual']
458,0.1356,True,0.3579,False,0.0001,False,1,0.1645,False,False,True,False,11.0,16.651696673469395,147000000.0,0.166516966734694,['Non-round allocation (₹11.00 paise component) suggests interest-bearing balance accrual']
459,0.0,False,0.0428,False,0.0007,False,0,0.0145,False,False,False,False,0.0,0.0,147000000.0,0.0,[]
460,0.054,True,0.3355,False,0.0001,False,1,0.1299,False,False,True,False,11.0,6.635804836734693,147000000.0,0.06635804836734703,['Non-round allocation (₹11.00 paise component) suggests interest-bearing balance accrual']
461,0.0,False,0.0836,False,0.0003,False,0,0.028,False,False,False,False,0.0,0.0,147000000.0,0.0,[]
462,0.0,False,0.0471,False,0.0008,False,0,0.016,False,False,False,False,0.0,0.0,147000000.0,0.0,[]
463,0.0,False,0.0424,False,0.0007,False,0,0.0143,False,False,False,False,0.0,0.0,147000000.0,0.0,[]
464,0.011,True,0.5283,False,0.0048,False,1,0.1814,False,False,True,False,83.0,1.3523910408163253,147000000.0,0.013523910408163354,['Non-round allocation (₹83.00 paise component) suggests interest-bearing balance accrual']
465,0.1409,True,0.3778,False,0.0001,False,1,0.1729,False,False,True,False,11.0,17.298992591836736,147000000.0,0.17298992591836745,['Non-round allocation (₹11.00 paise component) suggests interest-bearing balance accrual']
466,0.0,False,0.1448,False,0.0008,False,0,0.0486,False,False,False,False,0.0,0.0,147000000.0,0.0,[]
467,0.1358,True,0.3847,False,0.0001,False,1,0.1735,False,False,True,False,0.0,16.666666666666675,147000000.0,0.16666666666666666,[]
468,0.0,False,0.0476,False,0.0,False,0,0.0159,False,False,False,False,0.0,0.0,147000000.0,0.0,[]
469,0.0,False,0.0041,False,0.0,False,0,0.0014,False,False,False,False,0.0,0.0,147000000.0,0.0,[]
470,0.0,False,0.139,False,0.0012,False,0,0.0468,False,False,False,False,0.0,0.0,147000000.0,0.0,[]
471,0.0,False,0.0476,False,0.0,False,0,0.0159,False,False,False,False,0.0,0.0,147000000.0,0.0,[]
472,0.0,False,0.0476,False,0.0,False,0,0.0159,False,False,False,False,0.0,0.0,147000000.0,0.0,[]
473,0.0,False,0.2322,False,0.1225,True,1,0.1182,False,False,False,False,0.0,0.0,147000000.0,-0.060284117045952365,[]
474,0.543,True,0.9593,True,1.0,True,3,0.8341,True,False,False,True,0.0,-66.66666666666667,147000000.0,-0.6666666666666666,"['Allocation is 67% below the full-entitlement benchmark (possible pro-rated term — verify membership dates)', '3/3 anomaly methods agree (ensemble score 0.83)']"
475,0.0061,True,0.1917,False,0.0109,False,1,0.0696,False,False,True,False,11.0,0.7533150408163269,147000000.0,0.007533150408163362,['Non-round allocation (₹11.00 paise component) suggests interest-bearing balance accrual']
476,0.0,False,0.0471,False,0.0008,False,0,0.016,False,False,False,False,0.0,0.0,147000000.0,0.0,[]
477,0.0023,True,0.3721,False,0.0167,False,1,0.1304,False,False,True,False,41.0,0.2863002789115665,147000000.0,0.002863002789115622,['Non-round allocation (₹41.00 paise component) suggests interest-bearing balance accrual']
478,0.2496,True,0.4964,False,0.0002,False,1,0.2487,False,False,True,False,11.0,30.641135448979597,147000000.0,0.306411354489796,"['Allocation is 31% above the ₹14.7 cr full-entitlement benchmark', 'Non-round allocation (₹11.00 paise component) suggests interest-bearing balance accrual']"
479,0.0708,True,0.4396,False,0.0001,False,1,0.1702,False,False,True,False,39.0,8.691144482993195,147000000.0,0.08691144482993188,['Non-round allocation (₹39.00 paise component) suggests interest-bearing balance accrual']
480,0.0,False,0.0471,False,0.0008,False,0,0.016,False,False,False,False,0.0,0.0,147000000.0,0.0,[]
481,0.0206,True,0.2849,False,0.0048,False,1,0.1034,False,False,True,False,11.0,2.53391912244898,147000000.0,0.025339191224489892,['Non-round allocation (₹11.00 paise component) suggests interest-bearing balance accrual']
482,0.0,False,0.0575,False,0.0002,False,0,0.0192,False,False,False,False,0.0,0.0,147000000.0,0.0,[]
483,0.0339,True,0.2981,False,0.0006,False,1,0.1109,False,False,True,False,11.0,4.158221843537424,147000000.0,0.04158221843537425,['Non-round allocation (₹11.00 paise component) suggests interest-bearing balance accrual']
484,0.0,False,0.1206,False,0.0003,False,0,0.0403,False,False,False,False,0.0,0.0,147000000.0,0.0,[]
485,0.0,False,0.0424,False,0.0007,False,0,0.0143,False,False,False,False,0.0,0.0,147000000.0,0.0,[]
486,0.0,False,0.0639,False,0.0003,False,0,0.0214,False,False,False,False,0.0,0.0,147000000.0,0.0,[]
487,0.0,False,0.0906,False,0.0001,False,0,0.0302,False,False,False,False,0.0,0.0,147000000.0,0.0,[]
488,0.0,False,0.0424,False,0.0007,False,0,0.0143,False,False,False,False,0.0,0.0,147000000.0,0.0,[]
489,0.0,False,0.0539,False,0.0007,False,0,0.0182,False,False,False,False,0.0,0.0,147000000.0,0.0,[]
490,0.0,False,0.0443,False,0.0006,False,0,0.015,False,False,False,False,0.0,0.0,147000000.0,0.0,[]
491,0.0989,True,0.3861,False,0.0002,False,1,0.1617,False,False,True,False,0.0,12.137361904761912,147000000.0,0.053772600544709184,[]
492,0.0,False,0.0,False,0.0,False,0,0.0,False,False,False,False,0.0,0.0,147000000.0,0.0,[]
493,0.0018,True,0.1743,False,0.0227,True,2,0.0663,True,False,True,False,11.0,0.22606470068027296,147000000.0,0.0022606470068028185,"['Non-round allocation (₹11.00 paise component) suggests interest-bearing balance accrual', '2/3 anomaly methods agree (ensemble score 0.07)']"
494,0.2117,True,0.525,False,0.0002,False,1,0.2456,False,False,True,False,54.0,25.99452825850339,147000000.0,0.25994528258503397,"['Allocation is 26% above the ₹14.7 cr full-entitlement benchmark', 'Non-round allocation (₹54.00 paise component) suggests interest-bearing balance accrual']"
495,0.0,False,0.0394,False,0.0,False,0,0.0132,False,False,False,False,0.0,0.0,147000000.0,0.0,[]
496,0.2422,True,0.4426,False,0.0002,False,1,0.2283,False,False,True,False,11.0,29.736342931972803,147000000.0,0.297363429319728,"['Allocation is 30% above the ₹14.7 cr full-entitlement benchmark', 'Non-round allocation (₹11.00 paise component) suggests interest-bearing balance accrual']"
497,0.1375,True,0.3439,False,0.0001,False,1,0.1605,False,False,True,False,11.0,16.88568510884354,147000000.0,0.16885685108843548,['Non-round allocation (₹11.00 paise component) suggests interest-bearing balance accrual']
498,0.0,False,0.0042,False,0.0001,False,0,0.0014,False,False,False,False,0.0,0.0,147000000.0,0.0,[]
499,0.0,False,0.0004,False,0.0,False,0,0.0001,False,False,False,False,0.0,0.0,147000000.0,0.0,[]
500,0.0,False,0.0476,False,0.0,False,0,0.0159,False,False,False,False,0.0,0.0,147000000.0,0.0,[]
501,0.0,False,0.0404,False,0.0,False,0,0.0135,False,False,False,False,0.0,0.0,147000000.0,0.0,[]
502,0.0461,True,0.2876,False,0.0002,False,1,0.1113,False,False,True,False,0.0,5.66375102040817,147000000.0,0.056637510204081636,[]
503,0.0,False,0.0069,False,0.0001,False,0,0.0023,False,False,False,False,0.0,0.0,147000000.0,0.0,[]
504,0.0364,True,0.312,False,0.0131,False,1,0.1205,False,False,True,False,11.0,4.465276945578234,147000000.0,0.013175160233228893,['Non-round allocation (₹11.00 paise component) suggests interest-bearing balance accrual']
505,0.0,False,0.0228,False,0.0003,False,0,0.0077,False,False,False,False,0.0,0.0,147000000.0,0.0,[]
506,0.0,False,0.0471,False,0.0008,False,0,0.016,False,False,False,False,0.0,0.0,147000000.0,0.0,[]
507,0.0,False,0.099,False,0.0005,False,0,0.0332,False,False,False,False,0.0,0.0,147000000.0,0.0,[]
508,0.2904,True,0.6315,True,0.0002,False,2,0.3074,True,False,True,False,76.0,35.65842636734693,147000000.0,0.2748037791394808,"['Allocation is 36% above the ₹14.7 cr full-entitlement benchmark', 'Non-round allocation (₹76.00 paise component) suggests interest-bearing balance accrual', '2/3 anomaly methods agree (ensemble score 0.31)']"
509,0.0066,True,0.1936,False,0.0108,False,1,0.0704,False,False,True,False,11.0,0.8150817074830119,147000000.0,0.008150817074830029,['Non-round allocation (₹11.00 paise component) suggests interest-bearing balance accrual']
510,0.0,False,0.0,False,0.0,False,0,0.0,False,False,False,False,0.0,0.0,147000000.0,0.0,[]
511,0.2765,True,0.5459,False,0.0003,False,1,0.2742,False,False,True,False,11.0,33.94934361224491,147000000.0,0.3394934361224491,"['Allocation is 34% above the ₹14.7 cr full-entitlement benchmark', 'Non-round allocation (₹11.00 paise component) suggests interest-bearing balance accrual']"
512,0.0,False,0.0708,False,0.0005,False,0,0.0238,False,False,False,False,0.0,0.0,147000000.0,0.0,[]
513,0.1182,True,0.456,False,0.0001,False,1,0.1914,False,False,True,False,35.0,14.515050578231282,147000000.0,0.1451505057823129,['Non-round allocation (₹35.00 paise component) suggests interest-bearing balance accrual']
514,0.0,False,0.099,False,0.0005,False,0,0.0332,False,False,False,False,0.0,0.0,147000000.0,0.0,[]
515,0.0,False,0.099,False,0.0005,False,0,0.0332,False,False,False,False,0.0,0.0,147000000.0,0.0,[]
516,0.0,False,0.1347,False,0.0865,True,1,0.0737,False,False,False,False,0.0,0.0,147000000.0,-0.02250487758445872,[]
517,0.0,False,0.0435,False,0.0009,False,0,0.0148,False,False,False,False,0.0,0.0,147000000.0,0.0,[]
518,0.0,False,0.001,False,0.0,False,0,0.0004,False,False,False,False,0.0,0.0,147000000.0,0.0,[]
519,0.0,False,0.0002,False,0.0,False,0,0.0001,False,False,False,False,0.0,0.0,147000000.0,0.0,[]
520,0.0,False,0.001,False,0.0,False,0,0.0004,False,False,False,False,0.0,0.0,147000000.0,0.0,[]
521,0.0861,True,0.3367,False,0.0001,False,1,0.141,False,False,True,False,11.0,10.57138102721089,147000000.0,0.10571381027210894,['Non-round allocation (₹11.00 paise component) suggests interest-bearing balance accrual']
522,0.0,False,0.0004,False,0.0,False,0,0.0001,False,False,False,False,0.0,0.0,147000000.0,0.0,[]
523,0.3456,True,0.6231,True,0.009,False,2,0.3259,True,False,True,False,11.0,42.42787218367348,147000000.0,0.0,"['Allocation is 42% above the ₹14.7 cr full-entitlement benchmark', 'Non-round allocation (₹11.00 paise component) suggests interest-bearing balance accrual', '2/3 anomaly methods agree (ensemble score 0.33)']"
524,0.008,True,0.2107,False,0.0144,False,1,0.0777,False,False,True,False,11.0,0.9875653809523932,147000000.0,0.009875653809523906,['Non-round allocation (₹11.00 paise component) suggests interest-bearing balance accrual']
525,0.6009,True,0.8123,True,0.001,False,2,0.4714,True,False,True,False,0.0,73.77841088435375,147000000.0,0.7377841088435374,"['Allocation is 74% above the ₹14.7 cr full-entitlement benchmark', '2/3 anomaly methods agree (ensemble score 0.47)']"
526,0.0,False,0.0493,False,0.0001,False,0,0.0165,False,False,False,False,0.0,0.0,147000000.0,0.0,[]
527,0.0,False,0.1603,False,0.0755,True,1,0.0786,False,False,False,False,0.0,0.0,147000000.0,-0.02250487758445872,[]
528,0.0105,True,0.2589,False,0.0185,False,1,0.096,False,False,True,False,0.0,1.2925170068027292,147000000.0,0.01292517006802721,[]
529,0.0012,True,0.2444,False,0.0143,False,1,0.0866,False,False,True,False,11.0,0.15235177551020662,147000000.0,0.0015235177551021382,['Non-round allocation (₹11.00 paise component) suggests interest-bearing balance accrual']
530,0.0,False,0.0,False,0.0,False,0,0.0,False,False,False,False,0.0,0.0,147000000.0,0.0,[]
531,0.0,False,0.0535,False,0.0001,False,0,0.0179,False,False,False,False,0.0,0.0,147000000.0,0.0,[]
532,0.0,False,0.001,False,0.0,False,0,0.0004,False,False,False,False,0.0,0.0,147000000.0,0.0,[]
533,0.0,False,0.0549,False,0.0001,False,0,0.0183,False,False,False,False,0.0,0.0,147000000.0,0.0,[]
534,0.0,False,0.001,False,0.0,False,0,0.0004,False,False,False,False,0.0,0.0,147000000.0,0.0,[]
535,0.0,False,0.0041,False,0.0,False,0,0.0014,False,False,False,False,0.0,0.0,147000000.0,0.0,[]
536,0.0619,True,0.3153,False,0.0001,False,1,0.1258,False,False,True,False,11.0,7.602777625850354,147000000.0,0.0760277762585035,['Non-round allocation (₹11.00 paise component) suggests interest-bearing balance accrual']
537,0.0,False,0.0549,False,0.0001,False,0,0.0183,False,False,False,False,0.0,0.0,147000000.0,0.0,[]
538,0.0,False,0.0004,False,0.0,False,0,0.0001,False,False,False,False,0.0,0.0,147000000.0,0.0,[]
539,0.0,False,0.0,False,0.0,False,0,0.0,False,False,False,False,0.0,0.0,147000000.0,0.0,[]
540,0.0523,True,0.3902,False,0.0365,True,2,0.1596,True,False,True,False,11.0,6.415142931972806,147000000.0,0.0,"['Non-round allocation (₹11.00 paise component) suggests interest-bearing balance accrual', '2/3 anomaly methods agree (ensemble score 0.16)']"
541,0.0,False,0.0004,False,0.0,False,0,0.0001,False,False,False,False,0.0,0.0,147000000.0,0.0,[]
542,0.0049,True,0.2171,False,0.0103,False,1,0.0774,False,False,True,False,0.0,0.5961272108843563,147000000.0,0.0021496945969445465,[]
543,0.0,False,0.001,False,0.0,False,0,0.0004,False,False,False,False,0.0,0.0,147000000.0,0.0,[]
